n,p,cens_rate,hetero,model_type,c0_threshold,mean_weight,std_weight,min_weight,max_weight,mean_censor_prob,std_censor_prob
100,1,0.1,False,km,2.1542688886774397,1.9025225489018394,1.7828215455877847,0.5154639175257733,5.0,0.5266666666666667,0.3619056967406472
100,1,0.1,False,cox,2.1542688886774397,1.9025225489018394,1.7828215455877847,0.5154639175257733,5.0,0.5266666666666667,0.3619056967406472
100,1,0.1,False,weibull,2.1542688886774397,1.9025225489018394,1.7828215455877847,0.5154639175257733,5.0,0.5266666666666667,0.3619056967406472
100,1,0.1,False,rsf,2.1542688886774397,1.9025225489018394,1.7828215455877847,0.5154639175257733,5.0,0.5266666666666667,0.3619056967406472
100,1,0.1,True,km,2.134333401849651,1.588093597154161,1.337140823502733,0.5102040816326531,5.0,0.5086666666666667,0.300932273665244
100,1,0.1,True,cox,2.134333401849651,1.588093597154161,1.337140823502733,0.5102040816326531,5.0,0.5086666666666667,0.300932273665244
100,1,0.1,True,weibull,2.134333401849651,1.588093597154161,1.337140823502733,0.5102040816326531,5.0,0.5086666666666667,0.300932273665244
100,1,0.1,True,rsf,2.134333401849651,1.588093597154161,1.337140823502733,0.5102040816326531,5.0,0.5086666666666667,0.300932273665244
100,50,0.1,False,km,0.4648555102204027,1.98316142545139,1.575749839309082,0.5555555555555556,5.0,0.487,0.3276751440069875
100,50,0.1,False,cox,0.4648555102204027,1.98316142545139,1.575749839309082,0.5555555555555556,5.0,0.487,0.3276751440069875
100,50,0.1,False,weibull,0.4648555102204027,1.98316142545139,1.575749839309082,0.5555555555555556,5.0,0.487,0.3276751440069875
100,50,0.1,False,rsf,0.4648555102204027,1.98316142545139,1.575749839309082,0.5555555555555556,5.0,0.487,0.3276751440069875
100,50,0.1,True,km,0.3238540479403051,1.873248017870111,1.4235820093278662,0.5555555555555556,5.0,0.5090000000000001,0.34925492122517043
100,50,0.1,True,cox,0.3238540479403051,1.873248017870111,1.4235820093278662,0.5555555555555556,5.0,0.5090000000000001,0.34925492122517043
100,50,0.1,True,weibull,0.3238540479403051,1.873248017870111,1.4235820093278662,0.5555555555555556,5.0,0.5090000000000001,0.34925492122517043
100,50,0.1,True,rsf,0.3238540479403051,1.873248017870111,1.4235820093278662,0.5555555555555556,5.0,0.5090000000000001,0.34925492122517043
100,1,0.3,False,km,2.195634362076083,2.202185786443132,1.939375466442601,0.5163511187607573,5.0,0.5060738095238096,0.382914517578152
100,1,0.3,False,cox,2.195634362076083,2.202185786443132,1.939375466442601,0.5163511187607573,5.0,0.5060738095238096,0.382914517578152
100,1,0.3,False,weibull,2.195634362076083,2.202185786443132,1.939375466442601,0.5163511187607573,5.0,0.5060738095238096,0.382914517578152
100,1,0.3,False,rsf,2.195634362076083,2.202185786443132,1.939375466442601,0.5163511187607573,5.0,0.5060738095238096,0.382914517578152
100,1,0.3,True,km,2.7991506193894544,1.8398047177474932,1.3209476011722776,0.5597014925373135,5.0,0.44219999999999987,0.2754829375639966
100,1,0.3,True,cox,2.7991506193894544,1.8398047177474932,1.3209476011722776,0.5597014925373135,5.0,0.44219999999999987,0.2754829375639966
100,1,0.3,True,weibull,2.7991506193894544,1.8398047177474932,1.3209476011722776,0.5597014925373135,5.0,0.44219999999999987,0.2754829375639966
100,1,0.3,True,rsf,2.7991506193894544,1.8398047177474932,1.3209476011722776,0.5597014925373135,5.0,0.44219999999999987,0.2754829375639966
100,50,0.3,False,km,1.58478765557338,1.986161005783099,1.5084289238682584,0.5681818181818182,5.0,0.48600000000000004,0.329004559238926
100,50,0.3,False,cox,1.58478765557338,1.986161005783099,1.5084289238682584,0.5681818181818182,5.0,0.48600000000000004,0.329004559238926
100,50,0.3,False,weibull,1.58478765557338,1.986161005783099,1.5084289238682584,0.5681818181818182,5.0,0.48600000000000004,0.329004559238926
100,50,0.3,False,rsf,1.58478765557338,1.986161005783099,1.5084289238682584,0.5681818181818182,5.0,0.48600000000000004,0.329004559238926
100,50,0.3,True,km,0.4211427752196912,2.066819553151352,1.6542559319703467,0.5681818181818182,5.0,0.47800000000000004,0.3288099755177753
100,50,0.3,True,cox,0.4211427752196912,2.066819553151352,1.6542559319703467,0.5681818181818182,5.0,0.47800000000000004,0.3288099755177753
100,50,0.3,True,weibull,0.4211427752196912,2.066819553151352,1.6542559319703467,0.5681818181818182,5.0,0.47800000000000004,0.3288099755177753
100,50,0.3,True,rsf,0.4211427752196912,2.066819553151352,1.6542559319703467,0.5681818181818182,5.0,0.47800000000000004,0.3288099755177753
100,1,0.5,False,km,2.370662390419515,2.0473869227442165,1.8194615947251624,0.5263157894736842,5.0,0.4873833333333333,0.3735579276066535
100,1,0.5,False,cox,2.370662390419515,2.0473869227442165,1.8194615947251624,0.5263157894736842,5.0,0.4873833333333333,0.3735579276066535
100,1,0.5,False,weibull,2.370662390419515,2.0473869227442165,1.8194615947251624,0.5263157894736842,5.0,0.4873833333333333,0.3735579276066535
100,1,0.5,False,rsf,2.370662390419515,2.0473869227442165,1.8194615947251624,0.5263157894736842,5.0,0.4873833333333333,0.3735579276066535
100,1,0.5,True,km,2.4084849877090866,2.049588731515777,1.6677431758612635,0.5272407732864676,5.0,0.4527333333333333,0.33301944554501783
100,1,0.5,True,cox,2.4084849877090866,2.049588731515777,1.6677431758612635,0.5272407732864676,5.0,0.4527333333333333,0.33301944554501783
100,1,0.5,True,weibull,2.4084849877090866,2.049588731515777,1.6677431758612635,0.5272407732864676,5.0,0.4527333333333333,0.33301944554501783
100,1,0.5,True,rsf,2.4084849877090866,2.049588731515777,1.6677431758612635,0.5272407732864676,5.0,0.4527333333333333,0.33301944554501783
100,50,0.5,False,km,1.0136788201714342,2.3030616071851675,1.9308192705449312,0.5434782608695652,5.0,0.48600000000000004,0.3599499965272955
100,50,0.5,False,cox,1.0136788201714342,2.3030616071851675,1.9308192705449312,0.5434782608695652,5.0,0.48600000000000004,0.3599499965272955
100,50,0.5,False,weibull,1.0136788201714342,2.3030616071851675,1.9308192705449312,0.5434782608695652,5.0,0.48600000000000004,0.3599499965272955
100,50,0.5,False,rsf,1.0136788201714342,2.3030616071851675,1.9308192705449312,0.5434782608695652,5.0,0.48600000000000004,0.3599499965272955
100,50,0.5,True,km,1.3561170091296222,2.2816502540145054,1.9013061963903142,0.5434782608695652,5.0,0.487,0.3628925460794145
100,50,0.5,True,cox,1.3561170091296222,2.2816502540145054,1.9013061963903142,0.5434782608695652,5.0,0.487,0.3628925460794145
100,50,0.5,True,weibull,1.3561170091296222,2.2816502540145054,1.9013061963903142,0.5434782608695652,5.0,0.487,0.3628925460794145
100,50,0.5,True,rsf,1.3561170091296222,2.2816502540145054,1.9013061963903142,0.5434782608695652,5.0,0.487,0.3628925460794145
500,1,0.1,False,km,2.1364402219127943,1.1300713696310094,0.3775833421194979,0.6106755669326347,2.5068294047455537,0.48763502608490583,0.14340827512030574
500,1,0.1,False,cox,2.1364402219127943,1.1300713696310094,0.3775833421194979,0.6106755669326347,2.5068294047455537,0.48763502608490583,0.14340827512030574
500,1,0.1,False,weibull,2.1364402219127943,1.1300713696310094,0.3775833421194979,0.6106755669326347,2.5068294047455537,0.48763502608490583,0.14340827512030574
500,1,0.1,False,rsf,2.1364402219127943,1.1300713696310094,0.3775833421194979,0.6106755669326347,2.5068294047455537,0.48763502608490583,0.14340827512030574
500,1,0.1,True,km,2.3203658042644015,1.272333284298792,0.8269010726806392,0.5580499267732798,4.338227526367226,0.5107919650669908,0.21779511883782257
500,1,0.1,True,cox,2.3203658042644015,1.272333284298792,0.8269010726806392,0.5580499267732798,4.338227526367226,0.5107919650669908,0.21779511883782257
500,1,0.1,True,weibull,2.3203658042644015,1.272333284298792,0.8269010726806392,0.5580499267732798,4.338227526367226,0.5107919650669908,0.21779511883782257
500,1,0.1,True,rsf,2.3203658042644015,1.272333284298792,0.8269010726806392,0.5580499267732798,4.338227526367226,0.5107919650669908,0.21779511883782257
500,50,0.1,False,km,2.0870384381529945,2.1915886834244582,1.7723263731396481,0.5416614884453667,5.0,0.4754034691132609,0.34131861823144094
500,50,0.1,False,cox,2.0870384381529945,2.1915886834244582,1.7723263731396481,0.5416614884453667,5.0,0.4754034691132609,0.34131861823144094
500,50,0.1,False,weibull,2.0870384381529945,2.1915886834244582,1.7723263731396481,0.5416614884453667,5.0,0.4754034691132609,0.34131861823144094
500,50,0.1,False,rsf,2.0870384381529945,2.1915886834244582,1.7723263731396481,0.5416614884453667,5.0,0.4754034691132609,0.34131861823144094
500,50,0.1,True,km,0.9546296299676441,2.1003479009324177,1.693267324220109,0.5174104623228687,5.0,0.4994414470154128,0.3547442002076847
500,50,0.1,True,cox,0.9546296299676441,2.1003479009324177,1.693267324220109,0.5174104623228687,5.0,0.4994414470154128,0.3547442002076847
500,50,0.1,True,weibull,0.9546296299676441,2.1003479009324177,1.693267324220109,0.5174104623228687,5.0,0.4994414470154128,0.3547442002076847
500,50,0.1,True,rsf,0.9546296299676441,2.1003479009324177,1.693267324220109,0.5174104623228687,5.0,0.4994414470154128,0.3547442002076847
500,1,0.3,False,km,2.336699324695158,1.3835367231353204,1.1476301479078324,0.5834664398561386,5.0,0.5046393544713729,0.21314000234841607
500,1,0.3,False,cox,2.336699324695158,1.3835367231353204,1.1476301479078324,0.5834664398561386,5.0,0.5046393544713729,0.21314000234841607
500,1,0.3,False,weibull,2.336699324695158,1.3835367231353204,1.1476301479078324,0.5834664398561386,5.0,0.5046393544713729,0.21314000234841607
500,1,0.3,False,rsf,2.336699324695158,1.3835367231353204,1.1476301479078324,0.5834664398561386,5.0,0.5046393544713729,0.21314000234841607
500,1,0.3,True,km,2.0041588385286055,1.1085685992240137,0.3990170469983692,0.5439172912447972,2.3813235133243804,0.5076238214021558,0.17081269601981852
500,1,0.3,True,cox,2.0041588385286055,1.1085685992240137,0.3990170469983692,0.5439172912447972,2.3813235133243804,0.5076238214021558,0.17081269601981852
500,1,0.3,True,weibull,2.0041588385286055,1.1085685992240137,0.3990170469983692,0.5439172912447972,2.3813235133243804,0.5076238214021558,0.17081269601981852
500,1,0.3,True,rsf,2.0041588385286055,1.1085685992240137,0.3990170469983692,0.5439172912447972,2.3813235133243804,0.5076238214021558,0.17081269601981852
500,50,0.3,False,km,1.2759804072409464,1.86277880417638,1.4663817853338577,0.5136094204501971,5.0,0.5010634415692116,0.32860649253852925
500,50,0.3,False,cox,1.2759804072409464,1.86277880417638,1.4663817853338577,0.5136094204501971,5.0,0.5010634415692116,0.32860649253852925
500,50,0.3,False,weibull,1.2759804072409464,1.86277880417638,1.4663817853338577,0.5136094204501971,5.0,0.5010634415692116,0.32860649253852925
500,50,0.3,False,rsf,1.2759804072409464,1.86277880417638,1.4663817853338577,0.5136094204501971,5.0,0.5010634415692116,0.32860649253852925
500,50,0.3,True,km,1.0016068293431366,1.7313399114471,1.2514022813594303,0.5406225069009937,5.0,0.5079554608705993,0.3234979616973594
500,50,0.3,True,cox,1.0016068293431366,1.7313399114471,1.2514022813594303,0.5406225069009937,5.0,0.5079554608705993,0.3234979616973594
500,50,0.3,True,weibull,1.0016068293431366,1.7313399114471,1.2514022813594303,0.5406225069009937,5.0,0.5079554608705993,0.3234979616973594
500,50,0.3,True,rsf,1.0016068293431366,1.7313399114471,1.2514022813594303,0.5406225069009937,5.0,0.5079554608705993,0.3234979616973594
500,1,0.5,False,km,2.154050335266602,1.3074327235744447,0.7591470111216312,0.5610409946175202,3.2326907496988464,0.5012429333394324,0.2285285686568828
500,1,0.5,False,cox,2.154050335266602,1.3074327235744447,0.7591470111216312,0.5610409946175202,3.2326907496988464,0.5012429333394324,0.2285285686568828
500,1,0.5,False,weibull,2.154050335266602,1.3074327235744447,0.7591470111216312,0.5610409946175202,3.2326907496988464,0.5012429333394324,0.2285285686568828
500,1,0.5,False,rsf,2.154050335266602,1.3074327235744447,0.7591470111216312,0.5610409946175202,3.2326907496988464,0.5012429333394324,0.2285285686568828
500,1,0.5,True,km,2.3103446691756986,1.2699823285863159,0.6348961440645344,0.5,2.8046296108196507,0.49740365603841746,0.23236337820279682
500,1,0.5,True,cox,2.3103446691756986,1.2699823285863159,0.6348961440645344,0.5,2.8046296108196507,0.49740365603841746,0.23236337820279682
500,1,0.5,True,weibull,2.3103446691756986,1.2699823285863159,0.6348961440645344,0.5,2.8046296108196507,0.49740365603841746,0.23236337820279682
500,1,0.5,True,rsf,2.3103446691756986,1.2699823285863159,0.6348961440645344,0.5,2.8046296108196507,0.49740365603841746,0.23236337820279682
500,50,0.5,False,km,1.095933400982572,2.150789989852994,1.7066728092371246,0.512815277468674,5.0,0.5056615003922823,0.36952505900759247
500,50,0.5,False,cox,1.095933400982572,2.150789989852994,1.7066728092371246,0.512815277468674,5.0,0.5056615003922823,0.36952505900759247
500,50,0.5,False,weibull,1.095933400982572,2.150789989852994,1.7066728092371246,0.512815277468674,5.0,0.5056615003922823,0.36952505900759247
500,50,0.5,False,rsf,1.095933400982572,2.150789989852994,1.7066728092371246,0.512815277468674,5.0,0.5056615003922823,0.36952505900759247
500,50,0.5,True,km,0.7782989914554874,1.9752039100556238,1.5568397580884612,0.5114798702435795,5.0,0.5099065575582518,0.35447465990767113
500,50,0.5,True,cox,0.7782989914554874,1.9752039100556238,1.5568397580884612,0.5114798702435795,5.0,0.5099065575582518,0.35447465990767113
500,50,0.5,True,weibull,0.7782989914554874,1.9752039100556238,1.5568397580884612,0.5114798702435795,5.0,0.5099065575582518,0.35447465990767113
500,50,0.5,True,rsf,0.7782989914554874,1.9752039100556238,1.5568397580884612,0.5114798702435795,5.0,0.5099065575582518,0.35447465990767113
2000,1,0.1,False,km,2.0786270557875226,1.107820982281196,0.37534445526737775,0.5050036282633276,2.654940518130458,0.4984654317819773,0.15549016631689638
2000,1,0.1,False,cox,2.0786270557875226,1.107820982281196,0.37534445526737775,0.5050036282633276,2.654940518130458,0.4984654317819773,0.15549016631689638
2000,1,0.1,False,weibull,2.0786270557875226,1.107820982281196,0.37534445526737775,0.5050036282633276,2.654940518130458,0.4984654317819773,0.15549016631689638
2000,1,0.1,False,rsf,2.0786270557875226,1.107820982281196,0.37534445526737775,0.5050036282633276,2.654940518130458,0.4984654317819773,0.15549016631689638
2000,1,0.1,True,km,2.296490794610934,1.0993680739768001,0.40189567445955404,0.6173008578964053,2.9574457046228533,0.4939298590108645,0.11977960980923373
2000,1,0.1,True,cox,2.296490794610934,1.0993680739768001,0.40189567445955404,0.6173008578964053,2.9574457046228533,0.4939298590108645,0.11977960980923373
2000,1,0.1,True,weibull,2.296490794610934,1.0993680739768001,0.40189567445955404,0.6173008578964053,2.9574457046228533,0.4939298590108645,0.11977960980923373
2000,1,0.1,True,rsf,2.296490794610934,1.0993680739768001,0.40189567445955404,0.6173008578964053,2.9574457046228533,0.4939298590108645,0.11977960980923373
2000,50,0.1,False,km,1.2070648520407814,1.400475130823951,0.8094375580575744,0.5628320334384372,3.9447591733032525,0.5009702576858451,0.26302116682428295
2000,50,0.1,False,cox,1.2070648520407814,1.400475130823951,0.8094375580575744,0.5628320334384372,3.9447591733032525,0.5009702576858451,0.26302116682428295
2000,50,0.1,False,weibull,1.2070648520407814,1.400475130823951,0.8094375580575744,0.5628320334384372,3.9447591733032525,0.5009702576858451,0.26302116682428295
2000,50,0.1,False,rsf,1.2070648520407814,1.400475130823951,0.8094375580575744,0.5628320334384372,3.9447591733032525,0.5009702576858451,0.26302116682428295
2000,50,0.1,True,km,0.9386236909418388,1.394238016967519,0.810803588470703,0.5706442075215254,5.0,0.502220126714209,0.26181906651425396
2000,50,0.1,True,cox,0.9386236909418388,1.394238016967519,0.810803588470703,0.5706442075215254,5.0,0.502220126714209,0.26181906651425396
2000,50,0.1,True,weibull,0.9386236909418388,1.394238016967519,0.810803588470703,0.5706442075215254,5.0,0.502220126714209,0.26181906651425396
2000,50,0.1,True,rsf,0.9386236909418388,1.394238016967519,0.810803588470703,0.5706442075215254,5.0,0.502220126714209,0.26181906651425396
2000,1,0.3,False,km,2.325286777299772,1.1046502038971031,0.5550777617794121,0.5325077863152012,5.0,0.5035741126561946,0.13474887129516694
2000,1,0.3,False,cox,2.325286777299772,1.1046502038971031,0.5550777617794121,0.5325077863152012,5.0,0.5035741126561946,0.13474887129516694
2000,1,0.3,False,weibull,2.325286777299772,1.1046502038971031,0.5550777617794121,0.5325077863152012,5.0,0.5035741126561946,0.13474887129516694
2000,1,0.3,False,rsf,2.325286777299772,1.1046502038971031,0.5550777617794121,0.5325077863152012,5.0,0.5035741126561946,0.13474887129516694
2000,1,0.3,True,km,2.3300086878765933,1.1271464546377883,0.6430402706945222,0.5477940952843054,5.0,0.4975652330288268,0.11767693803327396
2000,1,0.3,True,cox,2.3300086878765933,1.1271464546377883,0.6430402706945222,0.5477940952843054,5.0,0.4975652330288268,0.11767693803327396
2000,1,0.3,True,weibull,2.3300086878765933,1.1271464546377883,0.6430402706945222,0.5477940952843054,5.0,0.4975652330288268,0.11767693803327396
2000,1,0.3,True,rsf,2.3300086878765933,1.1271464546377883,0.6430402706945222,0.5477940952843054,5.0,0.4975652330288268,0.11767693803327396
2000,50,0.3,False,km,1.4123921283661316,1.4739862349735315,0.9332089804147573,0.5874763214601657,4.615850469397102,0.5004055639072486,0.2682038986066524
2000,50,0.3,False,cox,1.4123921283661316,1.4739862349735315,0.9332089804147573,0.5874763214601657,4.615850469397102,0.5004055639072486,0.2682038986066524
2000,50,0.3,False,weibull,1.4123921283661316,1.4739862349735315,0.9332089804147573,0.5874763214601657,4.615850469397102,0.5004055639072486,0.2682038986066524
2000,50,0.3,False,rsf,1.4123921283661316,1.4739862349735315,0.9332089804147573,0.5874763214601657,4.615850469397102,0.5004055639072486,0.2682038986066524
2000,50,0.3,True,km,0.7773837865084993,1.534534040054186,0.9993858496282693,0.5516453309108047,4.611320864871675,0.49943558844843977,0.28205636089879577
2000,50,0.3,True,cox,0.7773837865084993,1.534534040054186,0.9993858496282693,0.5516453309108047,4.611320864871675,0.49943558844843977,0.28205636089879577
2000,50,0.3,True,weibull,0.7773837865084993,1.534534040054186,0.9993858496282693,0.5516453309108047,4.611320864871675,0.49943558844843977,0.28205636089879577
2000,50,0.3,True,rsf,0.7773837865084993,1.534534040054186,0.9993858496282693,0.5516453309108047,4.611320864871675,0.49943558844843977,0.28205636089879577
2000,1,0.5,False,km,2.4027086074918595,1.070967408406174,0.28852490030244066,0.521017255813769,1.8928063745223158,0.49853020614181104,0.12509077141543515
2000,1,0.5,False,cox,2.4027086074918595,1.070967408406174,0.28852490030244066,0.521017255813769,1.8928063745223158,0.49853020614181104,0.12509077141543515
2000,1,0.5,False,weibull,2.4027086074918595,1.070967408406174,0.28852490030244066,0.521017255813769,1.8928063745223158,0.49853020614181104,0.12509077141543515
2000,1,0.5,False,rsf,2.4027086074918595,1.070967408406174,0.28852490030244066,0.521017255813769,1.8928063745223158,0.49853020614181104,0.12509077141543515
2000,1,0.5,True,km,2.3308083564459254,1.1420408636301764,0.6847574989769203,0.6098423013062914,4.520803387608487,0.50402965589611,0.12739867220959253
2000,1,0.5,True,cox,2.3308083564459254,1.1420408636301764,0.6847574989769203,0.6098423013062914,4.520803387608487,0.50402965589611,0.12739867220959253
2000,1,0.5,True,weibull,2.3308083564459254,1.1420408636301764,0.6847574989769203,0.6098423013062914,4.520803387608487,0.50402965589611,0.12739867220959253
2000,1,0.5,True,rsf,2.3308083564459254,1.1420408636301764,0.6847574989769203,0.6098423013062914,4.520803387608487,0.50402965589611,0.12739867220959253
2000,50,0.5,False,km,1.1521899332579193,1.6007486486012186,1.061765780601346,0.5642016173915135,4.85591735641052,0.49758781869445956,0.29592395152180306
2000,50,0.5,False,cox,1.1521899332579193,1.6007486486012186,1.061765780601346,0.5642016173915135,4.85591735641052,0.49758781869445956,0.29592395152180306
2000,50,0.5,False,weibull,1.1521899332579193,1.6007486486012186,1.061765780601346,0.5642016173915135,4.85591735641052,0.49758781869445956,0.29592395152180306
2000,50,0.5,False,rsf,1.1521899332579193,1.6007486486012186,1.061765780601346,0.5642016173915135,4.85591735641052,0.49758781869445956,0.29592395152180306
2000,50,0.5,True,km,0.8340154534157597,1.3262920472986857,0.707478562444279,0.5636786794247062,3.05797783007863,0.5021901489983732,0.24575808925742712
2000,50,0.5,True,cox,0.8340154534157597,1.3262920472986857,0.707478562444279,0.5636786794247062,3.05797783007863,0.5021901489983732,0.24575808925742712
2000,50,0.5,True,weibull,0.8340154534157597,1.3262920472986857,0.707478562444279,0.5636786794247062,3.05797783007863,0.5021901489983732,0.24575808925742712
2000,50,0.5,True,rsf,0.8340154534157597,1.3262920472986857,0.707478562444279,0.5636786794247062,3.05797783007863,0.5021901489983732,0.24575808925742712
