n,p,cens_rate,hetero,model_type,method,alpha,coverage,coverage_uncensored,coverage_censored,q_value,num_uncensored,num_censored
100,1,0.1,False,km,Weighted CSA (论文标准方法-已修复),0.1,1.0,1.0,1.0,10.190531457675835,18,2
100,1,0.1,False,cox,Weighted CSA (论文标准方法-已修复),0.1,1.0,1.0,1.0,10.363823274678955,18,2
100,1,0.1,False,weibull,Weighted CSA (论文标准方法-已修复),0.1,1.0,1.0,1.0,10.463726991631097,18,2
100,1,0.1,False,rsf,Weighted CSA (论文标准方法-已修复),0.1,1.0,1.0,1.0,10.363823274678955,18,2
100,1,0.1,True,km,Weighted CSA (论文标准方法-已修复),0.1,1.0,1.0,1.0,5.604444211199473,17,3
100,1,0.1,True,cox,Weighted CSA (论文标准方法-已修复),0.1,1.0,1.0,1.0,5.8021215542390925,17,3
100,1,0.1,True,weibull,Weighted CSA (论文标准方法-已修复),0.1,1.0,1.0,1.0,5.960837356059985,17,3
100,1,0.1,True,rsf,Weighted CSA (论文标准方法-已修复),0.1,1.0,1.0,1.0,6.785864172042817,17,3
100,50,0.1,False,km,Weighted CSA (论文标准方法-已修复),0.1,1.0,1.0,1.0,6.745593749026745,18,2
100,50,0.1,False,cox,Weighted CSA (论文标准方法-已修复),0.1,0.95,0.9444444444444444,1.0,11.03068114883467,18,2
100,50,0.1,False,weibull,Weighted CSA (论文标准方法-已修复),0.1,0.75,0.7777777777777778,0.5,14.918986689718247,18,2
100,50,0.1,False,rsf,Weighted CSA (论文标准方法-已修复),0.1,1.0,1.0,1.0,3.037356299962207,18,2
100,50,0.1,True,km,Weighted CSA (论文标准方法-已修复),0.1,1.0,1.0,1.0,2.6329834021686773,17,3
100,50,0.1,True,cox,Weighted CSA (论文标准方法-已修复),0.1,1.0,1.0,1.0,6.6669126250953274,17,3
100,50,0.1,True,weibull,Weighted CSA (论文标准方法-已修复),0.1,0.9,0.9411764705882353,0.6666666666666666,3.450910061243012,17,3
100,50,0.1,True,rsf,Weighted CSA (论文标准方法-已修复),0.1,0.9,0.8823529411764706,1.0,0.9292401346985955,17,3
100,1,0.3,False,km,Weighted CSA (论文标准方法-已修复),0.1,1.0,1.0,1.0,10.794067178305092,13,7
100,1,0.3,False,cox,Weighted CSA (论文标准方法-已修复),0.1,1.0,1.0,1.0,9.733210744449543,13,7
100,1,0.3,False,weibull,Weighted CSA (论文标准方法-已修复),0.1,1.0,1.0,1.0,11.220734091243825,13,7
100,1,0.3,False,rsf,Weighted CSA (论文标准方法-已修复),0.1,1.0,1.0,1.0,30.407903664008444,13,7
100,1,0.3,True,km,Weighted CSA (论文标准方法-已修复),0.1,1.0,1.0,1.0,11.057180611754065,14,6
100,1,0.3,True,cox,Weighted CSA (论文标准方法-已修复),0.1,1.0,1.0,1.0,11.080972021110654,14,6
100,1,0.3,True,weibull,Weighted CSA (论文标准方法-已修复),0.1,1.0,1.0,1.0,12.509802140876191,14,6
100,1,0.3,True,rsf,Weighted CSA (论文标准方法-已修复),0.1,1.0,1.0,1.0,13.744707789648967,14,6
100,50,0.3,False,km,Weighted CSA (论文标准方法-已修复),0.1,1.0,1.0,1.0,4.556057571056292,14,6
100,50,0.3,False,cox,Weighted CSA (论文标准方法-已修复),0.1,1.0,1.0,1.0,16.050799709925908,14,6
100,50,0.3,False,weibull,Weighted CSA (论文标准方法-已修复),0.1,0.85,0.8571428571428571,0.8333333333333334,17.470698527842107,14,6
100,50,0.3,False,rsf,Weighted CSA (论文标准方法-已修复),0.1,1.0,1.0,1.0,4.224487287079767,14,6
100,50,0.3,True,km,Weighted CSA (论文标准方法-已修复),0.1,1.0,1.0,1.0,9.894774300953053,13,7
100,50,0.3,True,cox,Weighted CSA (论文标准方法-已修复),0.1,0.9,1.0,0.7142857142857143,13.041281781060883,13,7
100,50,0.3,True,weibull,Weighted CSA (论文标准方法-已修复),0.1,1.0,1.0,1.0,33.85711784429222,13,7
100,50,0.3,True,rsf,Weighted CSA (论文标准方法-已修复),0.1,1.0,1.0,1.0,17.603662051571124,13,7
100,1,0.5,False,km,Weighted CSA (论文标准方法-已修复),0.1,1.0,1.0,1.0,8.726940019835563,10,10
100,1,0.5,False,cox,Weighted CSA (论文标准方法-已修复),0.1,1.0,1.0,1.0,8.640350469615734,10,10
100,1,0.5,False,weibull,Weighted CSA (论文标准方法-已修复),0.1,1.0,1.0,1.0,10.493876472227598,10,10
100,1,0.5,False,rsf,Weighted CSA (论文标准方法-已修复),0.1,1.0,1.0,1.0,8.496791691182349,10,10
100,1,0.5,True,km,Weighted CSA (论文标准方法-已修复),0.1,1.0,1.0,1.0,11.73884962399133,13,7
100,1,0.5,True,cox,Weighted CSA (论文标准方法-已修复),0.1,1.0,1.0,1.0,11.589085564052514,13,7
100,1,0.5,True,weibull,Weighted CSA (论文标准方法-已修复),0.1,1.0,1.0,1.0,11.352614181760199,13,7
100,1,0.5,True,rsf,Weighted CSA (论文标准方法-已修复),0.1,1.0,1.0,1.0,11.73884962399133,13,7
100,50,0.5,False,km,Weighted CSA (论文标准方法-已修复),0.1,1.0,1.0,1.0,6.587622791046139,11,9
100,50,0.5,False,cox,Weighted CSA (论文标准方法-已修复),0.1,0.5,0.7272727272727273,0.2222222222222222,inf,11,9
100,50,0.5,False,weibull,Weighted CSA (论文标准方法-已修复),0.1,0.8,0.8181818181818182,0.7777777777777778,106.31626981966309,11,9
100,50,0.5,False,rsf,Weighted CSA (论文标准方法-已修复),0.1,1.0,1.0,1.0,32.11767577500743,11,9
100,50,0.5,True,km,Weighted CSA (论文标准方法-已修复),0.1,1.0,1.0,1.0,7.018119903218762,10,10
100,50,0.5,True,cox,Weighted CSA (论文标准方法-已修复),0.1,0.75,0.7,0.8,inf,10,10
100,50,0.5,True,weibull,Weighted CSA (论文标准方法-已修复),0.1,0.95,1.0,0.9,30.948320077609512,10,10
100,50,0.5,True,rsf,Weighted CSA (论文标准方法-已修复),0.1,1.0,1.0,1.0,4.71684431001214,10,10
500,1,0.1,False,km,Weighted CSA (论文标准方法-已修复),0.1,1.0,1.0,1.0,2.8168360431193915,92,8
500,1,0.1,False,cox,Weighted CSA (论文标准方法-已修复),0.1,1.0,1.0,1.0,2.6040533489759476,92,8
500,1,0.1,False,weibull,Weighted CSA (论文标准方法-已修复),0.1,1.0,1.0,1.0,2.594321143730273,92,8
500,1,0.1,False,rsf,Weighted CSA (论文标准方法-已修复),0.1,1.0,1.0,1.0,3.5522288508946875,92,8
500,1,0.1,True,km,Weighted CSA (论文标准方法-已修复),0.1,1.0,1.0,1.0,4.766523877046165,88,12
500,1,0.1,True,cox,Weighted CSA (论文标准方法-已修复),0.1,1.0,1.0,1.0,5.056899850220881,88,12
500,1,0.1,True,weibull,Weighted CSA (论文标准方法-已修复),0.1,1.0,1.0,1.0,5.103644680719252,88,12
500,1,0.1,True,rsf,Weighted CSA (论文标准方法-已修复),0.1,1.0,1.0,1.0,6.679103495218475,88,12
500,50,0.1,False,km,Weighted CSA (论文标准方法-已修复),0.1,1.0,1.0,1.0,6.648546180127623,90,10
500,50,0.1,False,cox,Weighted CSA (论文标准方法-已修复),0.1,1.0,1.0,1.0,3.617263576260363,90,10
500,50,0.1,False,weibull,Weighted CSA (论文标准方法-已修复),0.1,0.98,0.9777777777777777,1.0,2.3912076616677345,90,10
500,50,0.1,False,rsf,Weighted CSA (论文标准方法-已修复),0.1,0.99,0.9888888888888889,1.0,1.4767607273073962,90,10
500,50,0.1,True,km,Weighted CSA (论文标准方法-已修复),0.1,1.0,1.0,1.0,5.351482879915446,90,10
500,50,0.1,True,cox,Weighted CSA (论文标准方法-已修复),0.1,0.99,0.9888888888888889,1.0,2.905516538430987,90,10
500,50,0.1,True,weibull,Weighted CSA (论文标准方法-已修复),0.1,0.99,0.9888888888888889,1.0,1.7187887642937063,90,10
500,50,0.1,True,rsf,Weighted CSA (论文标准方法-已修复),0.1,0.96,0.9555555555555556,1.0,1.8722110026812624,90,10
500,1,0.3,False,km,Weighted CSA (论文标准方法-已修复),0.1,1.0,1.0,1.0,8.96354408867717,67,33
500,1,0.3,False,cox,Weighted CSA (论文标准方法-已修复),0.1,1.0,1.0,1.0,7.388464352504549,67,33
500,1,0.3,False,weibull,Weighted CSA (论文标准方法-已修复),0.1,1.0,1.0,1.0,7.5764363853963035,67,33
500,1,0.3,False,rsf,Weighted CSA (论文标准方法-已修复),0.1,0.95,0.9552238805970149,0.9393939393939394,7.292864032833047,67,33
500,1,0.3,True,km,Weighted CSA (论文标准方法-已修复),0.1,1.0,1.0,1.0,3.1070417018286856,66,34
500,1,0.3,True,cox,Weighted CSA (论文标准方法-已修复),0.1,1.0,1.0,1.0,3.328729248861998,66,34
500,1,0.3,True,weibull,Weighted CSA (论文标准方法-已修复),0.1,1.0,1.0,1.0,3.6873183225777706,66,34
500,1,0.3,True,rsf,Weighted CSA (论文标准方法-已修复),0.1,0.96,0.9393939393939394,1.0,5.157495198906973,66,34
500,50,0.3,False,km,Weighted CSA (论文标准方法-已修复),0.1,1.0,1.0,1.0,6.997054385303607,71,29
500,50,0.3,False,cox,Weighted CSA (论文标准方法-已修复),0.1,0.97,0.971830985915493,0.9655172413793104,3.3828825351266896,71,29
500,50,0.3,False,weibull,Weighted CSA (论文标准方法-已修复),0.1,0.96,0.9577464788732394,0.9655172413793104,3.3778477010281174,71,29
500,50,0.3,False,rsf,Weighted CSA (论文标准方法-已修复),0.1,1.0,1.0,1.0,2.943046355965858,71,29
500,50,0.3,True,km,Weighted CSA (论文标准方法-已修复),0.1,1.0,1.0,1.0,3.371845641419273,70,30
500,50,0.3,True,cox,Weighted CSA (论文标准方法-已修复),0.1,0.81,0.8571428571428571,0.7,1.709291246698535,70,30
500,50,0.3,True,weibull,Weighted CSA (论文标准方法-已修复),0.1,0.94,0.9285714285714286,0.9666666666666667,1.3163596058359162,70,30
500,50,0.3,True,rsf,Weighted CSA (论文标准方法-已修复),0.1,0.89,0.9,0.8666666666666667,1.4292407433718006,70,30
500,1,0.5,False,km,Weighted CSA (论文标准方法-已修复),0.1,1.0,1.0,1.0,7.071926427485484,47,53
500,1,0.5,False,cox,Weighted CSA (论文标准方法-已修复),0.1,1.0,1.0,1.0,5.974109557152876,47,53
500,1,0.5,False,weibull,Weighted CSA (论文标准方法-已修复),0.1,1.0,1.0,1.0,6.259898833289094,47,53
500,1,0.5,False,rsf,Weighted CSA (论文标准方法-已修复),0.1,1.0,1.0,1.0,18.85367963951181,47,53
500,1,0.5,True,km,Weighted CSA (论文标准方法-已修复),0.1,1.0,1.0,1.0,5.437898126613044,46,54
500,1,0.5,True,cox,Weighted CSA (论文标准方法-已修复),0.1,1.0,1.0,1.0,5.437898126613044,46,54
500,1,0.5,True,weibull,Weighted CSA (论文标准方法-已修复),0.1,1.0,1.0,1.0,5.376440215858959,46,54
500,1,0.5,True,rsf,Weighted CSA (论文标准方法-已修复),0.1,1.0,1.0,1.0,14.579953425792661,46,54
500,50,0.5,False,km,Weighted CSA (论文标准方法-已修复),0.1,1.0,1.0,1.0,15.799465574579322,49,51
500,50,0.5,False,cox,Weighted CSA (论文标准方法-已修复),0.1,0.59,0.9387755102040817,0.2549019607843137,inf,49,51
500,50,0.5,False,weibull,Weighted CSA (论文标准方法-已修复),0.1,0.74,0.9591836734693877,0.5294117647058824,2.988217019932556,49,51
500,50,0.5,False,rsf,Weighted CSA (论文标准方法-已修复),0.1,0.61,0.9387755102040817,0.29411764705882354,1.665763095842498,49,51
500,50,0.5,True,km,Weighted CSA (论文标准方法-已修复),0.1,0.0,0.0,0.0,inf,48,52
500,50,0.5,True,cox,Weighted CSA (论文标准方法-已修复),0.1,0.5,0.8958333333333334,0.1346153846153846,inf,48,52
500,50,0.5,True,weibull,Weighted CSA (论文标准方法-已修复),0.1,0.72,0.9583333333333334,0.5,2.4272907244155086,48,52
500,50,0.5,True,rsf,Weighted CSA (论文标准方法-已修复),0.1,0.5,0.8958333333333334,0.1346153846153846,10.996366465482403,48,52
2000,1,0.1,False,km,Weighted CSA (论文标准方法-已修复),0.1,1.0,1.0,1.0,2.985296881008985,362,38
2000,1,0.1,False,cox,Weighted CSA (论文标准方法-已修复),0.1,1.0,1.0,1.0,2.813203359478048,362,38
2000,1,0.1,False,weibull,Weighted CSA (论文标准方法-已修复),0.1,1.0,1.0,1.0,2.8024511381818282,362,38
2000,1,0.1,False,rsf,Weighted CSA (论文标准方法-已修复),0.1,0.99,0.988950276243094,1.0,3.4922537594988046,362,38
2000,1,0.1,True,km,Weighted CSA (论文标准方法-已修复),0.1,1.0,1.0,1.0,2.986486414874282,359,41
2000,1,0.1,True,cox,Weighted CSA (论文标准方法-已修复),0.1,1.0,1.0,1.0,3.132383215675172,359,41
2000,1,0.1,True,weibull,Weighted CSA (论文标准方法-已修复),0.1,1.0,1.0,1.0,3.0367563405073885,359,41
2000,1,0.1,True,rsf,Weighted CSA (论文标准方法-已修复),0.1,0.9925,0.9916434540389972,1.0,3.5112596401891185,359,41
2000,50,0.1,False,km,Weighted CSA (论文标准方法-已修复),0.1,1.0,1.0,1.0,3.2362639899309484,360,40
2000,50,0.1,False,cox,Weighted CSA (论文标准方法-已修复),0.1,0.93,0.9277777777777778,0.95,1.2578289408341659,360,40
2000,50,0.1,False,weibull,Weighted CSA (论文标准方法-已修复),0.1,0.995,0.9944444444444445,1.0,1.395196101231939,360,40
2000,50,0.1,False,rsf,Weighted CSA (论文标准方法-已修复),0.1,0.9475,0.95,0.925,1.192650102009166,360,40
2000,50,0.1,True,km,Weighted CSA (论文标准方法-已修复),0.1,1.0,1.0,1.0,2.9270276739517267,356,44
2000,50,0.1,True,cox,Weighted CSA (论文标准方法-已修复),0.1,0.91,0.901685393258427,0.9772727272727273,1.4241737325868074,356,44
2000,50,0.1,True,weibull,Weighted CSA (论文标准方法-已修复),0.1,0.9925,0.9915730337078652,1.0,1.44483159228976,356,44
2000,50,0.1,True,rsf,Weighted CSA (论文标准方法-已修复),0.1,0.9225,0.9185393258426966,0.9545454545454546,1.351569976889975,356,44
2000,1,0.3,False,km,Weighted CSA (论文标准方法-已修复),0.1,1.0,1.0,1.0,3.3370980026886894,282,118
2000,1,0.3,False,cox,Weighted CSA (论文标准方法-已修复),0.1,1.0,1.0,1.0,3.1399742030268207,282,118
2000,1,0.3,False,weibull,Weighted CSA (论文标准方法-已修复),0.1,1.0,1.0,1.0,3.1418826643600424,282,118
2000,1,0.3,False,rsf,Weighted CSA (论文标准方法-已修复),0.1,0.9375,0.9397163120567376,0.9322033898305084,5.132061371697475,282,118
2000,1,0.3,True,km,Weighted CSA (论文标准方法-已修复),0.1,1.0,1.0,1.0,3.3343881626910044,281,119
2000,1,0.3,True,cox,Weighted CSA (论文标准方法-已修复),0.1,1.0,1.0,1.0,2.8969427094482056,281,119
2000,1,0.3,True,weibull,Weighted CSA (论文标准方法-已修复),0.1,1.0,1.0,1.0,2.9453940257082563,281,119
2000,1,0.3,True,rsf,Weighted CSA (论文标准方法-已修复),0.1,0.95,0.9501779359430605,0.9495798319327731,5.060483316570803,281,119
2000,50,0.3,False,km,Weighted CSA (论文标准方法-已修复),0.1,1.0,1.0,1.0,5.31258791131867,282,118
2000,50,0.3,False,cox,Weighted CSA (论文标准方法-已修复),0.1,0.885,0.9078014184397163,0.8305084745762712,1.6378796470395602,282,118
2000,50,0.3,False,weibull,Weighted CSA (论文标准方法-已修复),0.1,0.9075,0.9432624113475178,0.8220338983050848,1.233766662034268,282,118
2000,50,0.3,False,rsf,Weighted CSA (论文标准方法-已修复),0.1,0.92,0.9432624113475178,0.864406779661017,1.3621603755299236,282,118
2000,50,0.3,True,km,Weighted CSA (论文标准方法-已修复),0.1,1.0,1.0,1.0,3.3499802204017057,280,120
2000,50,0.3,True,cox,Weighted CSA (论文标准方法-已修复),0.1,0.785,0.8107142857142857,0.725,1.4076801599652922,280,120
2000,50,0.3,True,weibull,Weighted CSA (论文标准方法-已修复),0.1,0.92,0.9142857142857143,0.9333333333333333,0.8962680565030952,280,120
2000,50,0.3,True,rsf,Weighted CSA (论文标准方法-已修复),0.1,0.82,0.8392857142857143,0.775,1.1296091386126514,280,120
2000,1,0.5,False,km,Weighted CSA (论文标准方法-已修复),0.1,1.0,1.0,1.0,3.2757557218704054,208,192
2000,1,0.5,False,cox,Weighted CSA (论文标准方法-已修复),0.1,0.97,0.9471153846153846,0.9947916666666666,3.030530520291724,208,192
2000,1,0.5,False,weibull,Weighted CSA (论文标准方法-已修复),0.1,0.985,0.9711538461538461,1.0,3.387692877406742,208,192
2000,1,0.5,False,rsf,Weighted CSA (论文标准方法-已修复),0.1,1.0,1.0,1.0,10.161856341080696,208,192
2000,1,0.5,True,km,Weighted CSA (论文标准方法-已修复),0.1,1.0,1.0,1.0,6.167040693339535,202,198
2000,1,0.5,True,cox,Weighted CSA (论文标准方法-已修复),0.1,1.0,1.0,1.0,5.485048484695158,202,198
2000,1,0.5,True,weibull,Weighted CSA (论文标准方法-已修复),0.1,1.0,1.0,1.0,5.656145545918525,202,198
2000,1,0.5,True,rsf,Weighted CSA (论文标准方法-已修复),0.1,1.0,1.0,1.0,8.678076554267369,202,198
2000,50,0.5,False,km,Weighted CSA (论文标准方法-已修复),0.1,1.0,1.0,1.0,10.402844949149404,197,203
2000,50,0.5,False,cox,Weighted CSA (论文标准方法-已修复),0.1,0.5075,0.8071065989847716,0.21674876847290642,inf,197,203
2000,50,0.5,False,weibull,Weighted CSA (论文标准方法-已修复),0.1,0.6375,0.8375634517766497,0.4433497536945813,2.7222894731158203,197,203
2000,50,0.5,False,rsf,Weighted CSA (论文标准方法-已修复),0.1,0.53,0.8324873096446701,0.23645320197044334,6.7750431295678535,197,203
2000,50,0.5,True,km,Weighted CSA (论文标准方法-已修复),0.1,1.0,1.0,1.0,4.6346425108569465,203,197
2000,50,0.5,True,cox,Weighted CSA (论文标准方法-已修复),0.1,0.475,0.7931034482758621,0.14720812182741116,inf,203,197
2000,50,0.5,True,weibull,Weighted CSA (论文标准方法-已修复),0.1,0.78,0.8522167487684729,0.7055837563451777,2.8098122530998806,203,197
2000,50,0.5,True,rsf,Weighted CSA (论文标准方法-已修复),0.1,0.485,0.7980295566502463,0.16243654822335024,18.936697356184272,203,197
