n,p,cens_rate,hetero,model_type,alpha,coverage,coverage_uncensored,coverage_censored,mean_width,width_cv,q_value
100,1,0.1,False,km,0.1,1.0,1.0,1.0,5.505633703794641,1.6132174196186846e-16,2.9859000294221443
100,1,0.1,False,cox,0.1,1.0,1.0,1.0,5.47117439321498,0.04398563795215242,2.9859000294221443
100,1,0.1,False,weibull,0.1,1.0,1.0,1.0,5.534766290568341,0.04372115751915561,3.1460025235225273
100,1,0.1,False,rsf,0.1,1.0,1.0,1.0,5.505281747492937,0.09651903754043567,3.051765182818999
100,1,0.1,True,km,0.1,0.85,0.8235294117647058,1.0,4.240361263654051,0.0,2.1201806318270253
100,1,0.1,True,cox,0.1,0.85,0.8235294117647058,1.0,4.2403612636540515,1.9870949196727486e-16,2.1201806318270253
100,1,0.1,True,weibull,0.1,0.9,0.8823529411764706,1.0,4.520704016143997,2.060584771771535e-16,2.260352008071998
100,1,0.1,True,rsf,0.1,0.95,0.9411764705882353,1.0,4.959143079974188,0.05411962791109687,2.571723589768075
100,50,0.1,False,km,0.1,0.9,0.8888888888888888,1.0,2.926297058605364,0.0,1.463148529302682
100,50,0.1,False,cox,0.1,0.8,0.8333333333333334,0.5,inf,,inf
100,50,0.1,False,weibull,0.1,0.9,0.9444444444444444,0.5,18.85394778360049,0.2763375128088185,14.515782820761114
100,50,0.1,False,rsf,0.1,0.95,0.9444444444444444,1.0,2.331725823941928,0.25312446586365,1.5233701720108026
100,50,0.1,True,km,0.1,1.0,1.0,1.0,6.273698095052312,1.4157175022505115e-16,5.64171335148201
100,50,0.1,True,cox,0.1,0.9,0.8823529411764706,1.0,8.223686747923285,0.2743870154663877,5.55545947272253
100,50,0.1,True,weibull,0.1,0.8,0.7647058823529411,1.0,4.626256725451379,0.2645749896547218,3.4205714746885985
100,50,0.1,True,rsf,0.1,0.95,0.9411764705882353,1.0,5.062034059356839,0.19838825796907145,3.944704375584167
100,1,0.3,False,km,0.1,0.8,0.7692307692307693,0.8571428571428571,3.721066540434994,0.0,1.8605332702174973
100,1,0.3,False,cox,0.1,0.95,0.9230769230769231,1.0,4.126156980099631,0.004235922882689118,2.0650833636424317
100,1,0.3,False,weibull,0.1,0.85,0.7692307692307693,1.0,3.7950409762290667,0.01695616173540974,1.9153340071252964
100,1,0.3,False,rsf,0.1,0.95,0.9230769230769231,1.0,4.545807147939738,0.11500296470116711,2.4880729882745802
100,1,0.3,True,km,0.1,1.0,1.0,1.0,4.401867604790336,2.017730880259925e-16,2.2009338023951677
100,1,0.3,True,cox,0.1,1.0,1.0,1.0,4.443985287812507,3.6852509160597047e-16,2.2219926439062525
100,1,0.3,True,weibull,0.1,1.0,1.0,1.0,4.316066164305187,1.8972370011736532e-16,2.158033082152594
100,1,0.3,True,rsf,0.1,1.0,1.0,1.0,5.316536151395281,0.08020052621997502,2.941367466984879
100,50,0.3,False,km,0.1,0.95,0.9285714285714286,1.0,4.062739701593815,2.186156349991343e-16,3.224338323579414
100,50,0.3,False,cox,0.1,0.7,0.7857142857142857,0.5,4.298538984114633,0.28027237639114116,2.808558754065788
100,50,0.3,False,weibull,0.1,0.85,0.9285714285714286,0.6666666666666666,27.876772398471644,0.2924593222971326,22.807553130129534
100,50,0.3,False,rsf,0.1,0.95,1.0,0.8333333333333334,2.88257228080158,0.283880774368402,1.8891195968714154
100,50,0.3,True,km,0.1,0.9,0.8461538461538461,1.0,3.524910857588355,2.5197188115780946e-16,1.762455428794178
100,50,0.3,True,cox,0.1,0.75,0.9230769230769231,0.42857142857142855,inf,,inf
100,50,0.3,True,weibull,0.1,0.95,0.9230769230769231,1.0,64.47659177322569,0.20761303674947618,57.94547720078454
100,50,0.3,True,rsf,0.1,0.9,1.0,0.7142857142857143,3.4347857520744136,0.25825227686201624,2.112601152975804
100,1,0.5,False,km,0.1,0.95,0.9,1.0,4.408967432657862,0.0,2.204483716328931
100,1,0.5,False,cox,0.1,0.95,0.9,1.0,4.522503373673255,1.9639088051773665e-16,2.2612516868366273
100,1,0.5,False,weibull,0.1,0.95,0.9,1.0,4.4120937430299225,0.009982865251043737,2.2242276061553836
100,1,0.5,False,rsf,0.1,1.0,1.0,1.0,4.668295278435034,0.12027698703082611,2.6097842878813315
100,1,0.5,True,km,0.1,0.95,0.9230769230769231,1.0,3.8765477206846883,2.291158225554495e-16,1.9382738603423448
100,1,0.5,True,cox,0.1,0.95,0.9230769230769231,1.0,3.8765477206846883,3.280439350114302e-16,1.9382738603423448
100,1,0.5,True,weibull,0.1,0.95,0.9230769230769231,1.0,3.9603817238486996,1.5857991155034005e-16,1.98019086192435
100,1,0.5,True,rsf,0.1,0.85,0.8461538461538461,0.8571428571428571,4.855497370687255,0.08381187315626781,2.672943016781849
100,50,0.5,False,km,0.1,1.0,1.0,1.0,1.747252345134104,0.0,1.3378179846011562
100,50,0.5,False,cox,0.1,0.85,0.9090909090909091,0.7777777777777778,4.543498510873455,0.16687010584056497,3.602590565851939
100,50,0.5,False,weibull,0.1,0.8,0.8181818181818182,0.7777777777777778,34.6838895470582,0.3097472201442334,26.15085674299956
100,50,0.5,False,rsf,0.1,1.0,1.0,1.0,2.502594925503869,0.22760603348775144,1.5269483296386637
100,50,0.5,True,km,0.1,0.8,0.6,1.0,0.7744435446990842,1.4335751549927917e-16,0.3872217723495422
100,50,0.5,True,cox,0.1,0.8,0.7,0.9,inf,,inf
100,50,0.5,True,weibull,0.1,0.95,1.0,0.9,342.31812023494103,0.20881736783601543,316.7359323602792
100,50,0.5,True,rsf,0.1,0.95,0.9,1.0,1.756795678298968,0.2722623802595307,1.2594094729083887
500,1,0.1,False,km,0.1,0.87,0.8695652173913043,0.875,4.060688130920639,2.1872608559543763e-16,2.030344065460319
500,1,0.1,False,cox,0.1,0.9,0.9021739130434783,0.875,4.2820177078491675,0.01594416743574061,2.1632443074469596
500,1,0.1,False,weibull,0.1,0.89,0.8913043478260869,0.875,4.271055091020472,0.014878223802726784,2.155650655700917
500,1,0.1,False,rsf,0.1,0.92,0.9130434782608695,1.0,4.830596775623269,0.09832830613185128,2.655580473200021
500,1,0.1,True,km,0.1,0.95,0.9431818181818182,1.0,4.49180489873469,1.977330805152109e-16,2.2459024493673447
500,1,0.1,True,cox,0.1,0.96,0.9545454545454546,1.0,4.392868193143259,0.008372715677504373,2.2050101133222837
500,1,0.1,True,weibull,0.1,0.96,0.9545454545454546,1.0,4.390102386296027,0.01930756384621638,2.222954002919446
500,1,0.1,True,rsf,0.1,0.92,0.9090909090909091,1.0,4.486515865531635,0.06842302637623597,2.3442385105987666
500,50,0.1,False,km,0.1,0.89,0.8777777777777778,1.0,4.3831965159990185,2.0263258023184743e-16,3.094215685856955
500,50,0.1,False,cox,0.1,0.86,0.8777777777777778,0.7,3.065909505453859,0.27689630625833145,2.0062837755988743
500,50,0.1,False,weibull,0.1,0.89,0.8777777777777778,1.0,3.676711814909064,0.24600033216821843,2.7601606233263603
500,50,0.1,False,rsf,0.1,0.86,0.8666666666666667,0.8,2.562369641329722,0.2842546131174148,1.6827001724272534
500,50,0.1,True,km,0.1,0.91,0.9,1.0,4.803200661716325,3.6982773873234475e-16,3.6631097449106536
500,50,0.1,True,cox,0.1,0.81,0.8222222222222222,0.7,3.5370584235344604,0.29975611739883734,2.2967267330907366
500,50,0.1,True,weibull,0.1,0.92,0.9111111111111111,1.0,4.4886364610540515,0.2088812694963847,3.6409491030693983
500,50,0.1,True,rsf,0.1,0.93,0.9333333333333333,0.9,4.153776885993437,0.28855654288051497,2.9275724995927126
500,1,0.3,False,km,0.1,0.91,0.8955223880597015,0.9393939393939394,4.4061888690550886,2.015752038996449e-16,2.2030944345275447
500,1,0.3,False,cox,0.1,0.88,0.8955223880597015,0.8484848484848485,4.218677659673673,0.008386211526051724,2.117211315569504
500,1,0.3,False,weibull,0.1,0.89,0.8955223880597015,0.8787878787878788,4.222177467761326,0.015101399019222451,2.1273240528767947
500,1,0.3,False,rsf,0.1,0.88,0.8955223880597015,0.8484848484848485,4.862798264221784,0.11175087857830027,2.7049843230967068
500,1,0.3,True,km,0.1,0.83,0.8636363636363636,0.7647058823529411,3.8914849183939033,0.0,1.9457424591969514
500,1,0.3,True,cox,0.1,0.9,0.9242424242424242,0.8529411764705882,4.025996218535649,0.0,2.0129981092678246
500,1,0.3,True,weibull,0.1,0.91,0.9393939393939394,0.8529411764705882,4.123657703497818,0.00029454232327653663,2.0618898872793636
500,1,0.3,True,rsf,0.1,0.93,0.9696969696969697,0.8529411764705882,5.405335875391265,0.09673362831683782,3.024865958278295
500,50,0.3,False,km,0.1,0.88,0.8309859154929577,1.0,3.0164056276264377,2.944492649017562e-16,1.9643304164175757
500,50,0.3,False,cox,0.1,0.9,0.971830985915493,0.7241379310344828,3.875520540178211,0.29757393122424014,2.5698397238706154
500,50,0.3,False,weibull,0.1,0.83,0.8591549295774648,0.7586206896551724,2.7553666448679905,0.288018309933099,1.834943296187931
500,50,0.3,False,rsf,0.1,0.88,0.9295774647887324,0.7586206896551724,2.9664812601073525,0.29279160636611645,1.9901396245461822
500,50,0.3,True,km,0.1,0.88,0.8285714285714286,1.0,2.563985915678276,1.7320267133081478e-16,1.7311215659750498
500,50,0.3,True,cox,0.1,0.9,0.9571428571428572,0.7666666666666667,3.799701770060484,0.28687580045698885,2.5091278000264503
500,50,0.3,True,weibull,0.1,0.95,0.9285714285714286,1.0,3.4747686620839504,0.24725699011420718,2.5621910339964393
500,50,0.3,True,rsf,0.1,0.97,0.9571428571428572,1.0,3.4030661246244938,0.28896824997898485,2.268888671896461
500,1,0.5,False,km,0.1,0.87,0.9148936170212766,0.8301886792452831,4.229820650497756,2.0998016064714383e-16,2.1149103252488786
500,1,0.5,False,cox,0.1,0.89,0.8723404255319149,0.9056603773584906,4.20457259142857,0.011179109716346489,2.1142049386239727
500,1,0.5,False,weibull,0.1,0.88,0.851063829787234,0.9056603773584906,4.110899602035694,0.009794723119232941,2.0653205559127277
500,1,0.5,False,rsf,0.1,0.89,0.8936170212765957,0.8867924528301887,5.787678066556307,0.12384703489309803,3.31386049605523
500,1,0.5,True,km,0.1,0.82,0.9130434782608695,0.7407407407407407,4.103509437434525,0.0,2.0517547187172624
500,1,0.5,True,cox,0.1,0.76,0.8478260869565217,0.6851851851851852,4.030134639871866,0.0,2.015067319935933
500,1,0.5,True,weibull,0.1,0.81,0.8913043478260869,0.7407407407407407,4.0344092637263955,4.4030159641253467e-16,2.0172046318631986
500,1,0.5,True,rsf,0.1,0.83,0.8043478260869565,0.8518518518518519,6.106662976471683,0.12530167239608161,3.532744916366708
500,50,0.5,False,km,0.1,0.91,0.8163265306122449,1.0,2.19875067306308,2.019734275880411e-16,1.0993753365315397
500,50,0.5,False,cox,0.1,0.84,1.0,0.6862745098039216,inf,,inf
500,50,0.5,False,weibull,0.1,0.95,1.0,0.9019607843137255,5.918298282720952,0.26812066668021445,4.575059281053128
500,50,0.5,False,rsf,0.1,0.91,1.0,0.8235294117647058,4.025102511358076,0.3075733754558026,2.889932246608708
500,50,0.5,True,km,0.1,0.84,0.6666666666666666,1.0,1.987231511837556,2.234713002509816e-16,0.9936157559187778
500,50,0.5,True,cox,0.1,0.94,1.0,0.8846153846153846,4.137740061690874,0.29515908970008525,2.851211736952153
500,50,0.5,True,weibull,0.1,0.95,1.0,0.9038461538461539,4.230090594162876,0.25111938123832883,3.212451745733213
500,50,0.5,True,rsf,0.1,0.92,0.9375,0.9038461538461539,3.650178154175194,0.30528226144387827,2.467778382927481
2000,1,0.1,False,km,0.1,0.92,0.9171270718232044,0.9473684210526315,4.516372333417237,0.0,2.2581861667086183
2000,1,0.1,False,cox,0.1,0.9225,0.9226519337016574,0.9210526315789473,4.415257980160611,0.01028917759217236,2.2218869387259614
2000,1,0.1,False,weibull,0.1,0.9225,0.919889502762431,0.9473684210526315,4.470896958638824,0.015383112183116426,2.262590637894489
2000,1,0.1,False,rsf,0.1,0.88,0.8756906077348067,0.9210526315789473,4.811983909155232,0.12032453300068725,2.662489160005859
2000,1,0.1,True,km,0.1,0.89,0.8885793871866295,0.9024390243902439,4.249341405740373,2.0901554732700414e-16,2.124670702870186
2000,1,0.1,True,cox,0.1,0.8825,0.8857938718662952,0.8536585365853658,4.205950053666823,2.1117188943453937e-16,2.102975026833411
2000,1,0.1,True,weibull,0.1,0.8775,0.8802228412256268,0.8536585365853658,4.182154634718404,2.1237340492550408e-16,2.0910773173592023
2000,1,0.1,True,rsf,0.1,0.88,0.8802228412256268,0.8780487804878049,4.64388419641218,0.08860035969935684,2.4850686042134917
2000,50,0.1,False,km,0.1,0.905,0.8944444444444445,1.0,4.326073745401182,0.0,3.177092636706117
2000,50,0.1,False,cox,0.1,0.8925,0.9333333333333333,0.525,3.152603877663929,0.299221128887505,2.0509819753022405
2000,50,0.1,False,weibull,0.1,0.905,0.8944444444444445,1.0,3.54664189897774,0.24467963485905675,2.5428155206883574
2000,50,0.1,False,rsf,0.1,0.8825,0.925,0.5,2.7361060100098187,0.2995740450888457,1.7779155245121907
2000,50,0.1,True,km,0.1,0.91,0.898876404494382,1.0,4.447573060695929,1.9969956818677836e-16,3.389193621274641
2000,50,0.1,True,cox,0.1,0.8825,0.9073033707865169,0.6818181818181818,3.494882601732654,0.30413160338006484,2.3278560095421987
2000,50,0.1,True,weibull,0.1,0.8975,0.8848314606741573,1.0,3.656098233912756,0.2076572173419591,2.861413988429959
2000,50,0.1,True,rsf,0.1,0.8775,0.9157303370786517,0.5681818181818182,3.091762996656168,0.3130292248383706,2.0661350340672797
2000,1,0.3,False,km,0.1,0.8825,0.8936170212765957,0.8559322033898306,4.229433399688758,0.0,2.114716699844379
2000,1,0.3,False,cox,0.1,0.8725,0.8900709219858156,0.8305084745762712,4.047696523713754,2.194281153482384e-16,2.0238482618568776
2000,1,0.3,False,weibull,0.1,0.88,0.8829787234042553,0.8728813559322034,4.065306434142153,2.6217312788256136e-16,2.032653217071077
2000,1,0.3,False,rsf,0.1,0.895,0.8794326241134752,0.9322033898305084,5.112084192628519,0.11809860763507612,2.8590022292854975
2000,1,0.3,True,km,0.1,0.8825,0.9039145907473309,0.8319327731092437,4.00050727393355,0.0,2.000253636966775
2000,1,0.3,True,cox,0.1,0.8725,0.896797153024911,0.8151260504201681,4.059003687012702,2.188168546241938e-16,2.0295018435063508
2000,1,0.3,True,weibull,0.1,0.8725,0.896797153024911,0.8151260504201681,3.9521702323672785,1.4068194147373784e-16,1.976085116183639
2000,1,0.3,True,rsf,0.1,0.885,0.8932384341637011,0.865546218487395,4.6310718044612225,0.09320496325542817,2.496420489402029
2000,50,0.3,False,km,0.1,0.9125,0.875886524822695,1.0,3.7642326908473867,1.1797602494921515e-16,2.3197430345834302
2000,50,0.3,False,cox,0.1,0.9275,0.9716312056737588,0.8220338983050848,4.07040247580033,0.3003352651012887,2.6374222164491696
2000,50,0.3,False,weibull,0.1,0.9175,0.9148936170212766,0.923728813559322,3.3552420374561747,0.27715765373752105,2.2518656679115088
2000,50,0.3,False,rsf,0.1,0.925,0.9787234042553191,0.7966101694915254,3.4325863849207736,0.30280308121657296,2.2268294540672153
2000,50,0.3,True,km,0.1,0.875,0.8214285714285714,1.0,2.6475766377122016,0.0,1.8168457040854853
2000,50,0.3,True,cox,0.1,0.93,0.9678571428571429,0.8416666666666667,4.441687040988909,0.3031444916262084,2.952574298539441
2000,50,0.3,True,weibull,0.1,0.855,0.8428571428571429,0.8833333333333333,2.335375191103827,0.27702022273800625,1.5471018967622963
2000,50,0.3,True,rsf,0.1,0.8825,0.9464285714285714,0.7333333333333333,3.4425320444667578,0.2984069644201972,2.2970179801615562
2000,1,0.5,False,km,0.1,0.93,0.9615384615384616,0.8958333333333334,4.158596290649912,2.1357649495746539e-16,2.0792981453249566
2000,1,0.5,False,cox,0.1,0.9225,0.9326923076923077,0.9114583333333334,4.123392862240701,0.0064967380658671305,2.0669620612441455
2000,1,0.5,False,weibull,0.1,0.9275,0.9375,0.9166666666666666,4.166502428075086,0.004579650344609106,2.086886196157724
2000,1,0.5,False,rsf,0.1,0.8925,0.8942307692307693,0.890625,5.6637980280431375,0.1389320310902673,3.377825308964524
2000,1,0.5,True,km,0.1,0.855,0.9158415841584159,0.7929292929292929,3.959166582637264,3.3650203944253924e-16,1.9795832913186315
2000,1,0.5,True,cox,0.1,0.835,0.905940594059406,0.7626262626262627,3.9374452156253206,7.915143890155693e-17,1.9687226078126603
2000,1,0.5,True,weibull,0.1,0.83,0.905940594059406,0.7525252525252525,3.9297255600601617,1.393252379550517e-16,1.9648627800300806
2000,1,0.5,True,rsf,0.1,0.865,0.8811881188118812,0.8484848484848485,5.306161368509149,0.12804559407896135,3.0053877996803817
2000,50,0.5,False,km,0.1,0.8925,0.7868020304568528,0.9950738916256158,2.5790099771028054,1.7219367656302797e-16,1.2895049885514025
2000,50,0.5,False,cox,0.1,0.9275,0.9746192893401016,0.8817733990147784,6.516706474028242,0.2836392678869727,4.703670589139704
2000,50,0.5,False,weibull,0.1,0.925,0.9898477157360406,0.8620689655172413,4.5006092692752695,0.2880204789009179,3.0441302546179996
2000,50,0.5,False,rsf,0.1,0.92,1.0,0.8423645320197044,4.127536082729775,0.30200396178474076,2.772994378932066
2000,50,0.5,True,km,0.1,0.875,0.7586206896551724,0.9949238578680203,1.8915094146679114,3.521704991841374e-16,0.9457547073339553
2000,50,0.5,True,cox,0.1,0.92,0.9753694581280788,0.8629441624365483,5.834241423501613,0.3075465535105507,3.853974682147117
2000,50,0.5,True,weibull,0.1,0.9225,0.9852216748768473,0.8578680203045685,3.1642339340977723,0.2790122682484219,2.1071591358408863
2000,50,0.5,True,rsf,0.1,0.8975,0.9950738916256158,0.7969543147208121,4.34467697404418,0.28894478660978595,3.0189200268151444
